<dir>
        <name> Level1 <|name>
        <file>
                <name> f1 <|name>
                <size> 10240 <|size>
        <|file>
        <dir>
                <name> Level12 <|name>
                <file>
                        <name> f12 <|name>
                        <size> 2048 <|size>
                <|file>
                <file>
                        <name> f13 <|name>
                        <size> 4096 <|size>
                <|file>
                <dir>
                        <name> level22 <|name>
                <|dir>
        <|dir>
<|dir>
<dir>
        <name> src <|name>
        <file>
                <name> hello.c <|name>
                <size> 654 <|size>
        <|file>
<|dir>
